

INSERT INTO tab_fonctions (id, description, label) VALUES(1, 'Ingenieur DEVOPS', 'Ingenieur DEVOPS');
INSERT INTO tab_fonctions (id, description, label) VALUES(2, 'Ingenieur FULLSTACK', 'Ingenieur FULLSTACK');
INSERT INTO tab_fonctions (id, description, label) VALUES(3, 'Ingenieur BACKEND', 'Ingenieur BACKEND');
INSERT INTO tab_fonctions (id, description, label) VALUES(4, 'ingénieur de tests de perf', 'Testeur de performance');

INSERT INTO tab_employees (id, adresse, cin, date_naissance, email, etat_civil, lieu_naissance, nationalite, nom, num_tel, photo, prenom, salaire, fonction_id) VALUES(1, '84 Crowley Drive', '6422381646', '2003-04-05', 'nmelan0@posterous.com', 1, 'Casa', 'Autre', 'Natassia', '371-883-0443', 'https://www.kindpng.com/picc/m/22-223941_transparent-avatar-png-male-avatar-icon-transparent-png.png', 'Melan', 3000, 1);
INSERT INTO tab_employees (id, adresse, cin, date_naissance, email, etat_civil, lieu_naissance, nationalite, nom, num_tel, photo, prenom, salaire, fonction_id) VALUES(2, '532 Merry Terrace', '3060393702', '2005-03-11', 'ghayen1@1und1.de', 0, 'Fes', 'Marocaine', 'Gerti', '646-240-0322', 'https://encrypted-tbn0.gstatic.com/images?q=tbn:ANd9GcSa69_HGc_i3MXKCPZzCfAjBZC4bXJsn0rS0Ufe6H-ctZz5FbIVaPkd1jCPTpKwPruIT3Q&usqp=CAU', 'Hayen', 4000, 4);
INSERT INTO tab_employees (id, adresse, cin, date_naissance, email, etat_civil, lieu_naissance, nationalite, nom, num_tel, photo, prenom, salaire, fonction_id) VALUES(3, '9638 Lighthouse Bay Terrace', '1861012179', '2001-11-18', 'mgouck2@aboutads.info', 0, 'Fes', 'Autre', 'Mabel', '812-514-7012', 'https://www.kindpng.com/picc/m/22-223941_transparent-avatar-png-male-avatar-icon-transparent-png.png', 'Gouck', 3500, 3);
INSERT INTO tab_employees (id, adresse, cin, date_naissance, email, etat_civil, lieu_naissance, nationalite, nom, num_tel, photo, prenom, salaire, fonction_id) VALUES(4, '36788 Corben Avenue', '5468964635', '2008-06-03', 'ccorday3@alexa.com', 1, 'Fes', 'Autre', 'Chrissy', '305-496-9965', 'https://toppng.com/uploads/preview/avatar-png-11554021819gij72acuim.png', 'Corday', 2000, 2);
INSERT INTO tab_employees (id, adresse, cin, date_naissance, email, etat_civil, lieu_naissance, nationalite, nom, num_tel, photo, prenom, salaire, fonction_id) VALUES(5, '97342 Norway Maple Lane', '6328945094', '2002-06-30', 'agoodspeed4@alexa.com', 0, 'Rabat', 'Autre', 'Abbie', '166-608-2849', 'https://www.kindpng.com/picc/m/22-223941_transparent-avatar-png-male-avatar-icon-transparent-png.png', 'Goodspeed', 4000, 1);
INSERT INTO tab_employees (id, adresse, cin, date_naissance, email, etat_civil, lieu_naissance, nationalite, nom, num_tel, photo, prenom, salaire, fonction_id) VALUES(6, '46 Miller Avenue', '1536849103', '2005-04-03', 'kabramson5@stumbleupon.com', 1, 'Rabat', 'Autre', 'Kakalina', '770-810-8892', 'https://www.kindpng.com/picc/m/22-223941_transparent-avatar-png-male-avatar-icon-transparent-png.png', 'Abramson', 3500, 1);
INSERT INTO tab_employees (id, adresse, cin, date_naissance, email, etat_civil, lieu_naissance, nationalite, nom, num_tel, photo, prenom, salaire, fonction_id) VALUES(7, '334 Washington Road', '5453397519', '2002-12-19', 'jlarter6@macromedia.com', 2, 'Casa', 'Marocaine', 'Jim', '480-596-8047', 'https://www.kindpng.com/picc/m/22-223941_transparent-avatar-png-male-avatar-icon-transparent-png.png', 'Larter', 5000, 3);
INSERT INTO tab_employees (id, adresse, cin, date_naissance, email, etat_civil, lieu_naissance, nationalite, nom, num_tel, photo, prenom, salaire, fonction_id) VALUES(8, '96 Union Circle', '7898437594', '2017-08-18', 'baugur7@edublogs.org', 0, 'Sale', 'Autre', 'Brnaba', '270-663-3134', 'https://toppng.com/uploads/preview/avatar-png-11554021819gij72acuim.png', 'Augur', 4000, 1);
INSERT INTO tab_employees (id, adresse, cin, date_naissance, email, etat_civil, lieu_naissance, nationalite, nom, num_tel, photo, prenom, salaire, fonction_id) VALUES(9, '829 5th Crossing', '6414020451', '2015-03-07', 'jmaleham8@google.co.jp', 0, 'Meknes', 'Autre', 'Jolene', '535-759-4485', 'https://www.kindpng.com/picc/m/22-223941_transparent-avatar-png-male-avatar-icon-transparent-png.png', 'Maleham', 2500, 2);
INSERT INTO tab_employees (id, adresse, cin, date_naissance, email, etat_civil, lieu_naissance, nationalite, nom, num_tel, photo, prenom, salaire, fonction_id) VALUES(10, '3027 Vahlen Terrace', '0577831585', '2005-01-14', 'jcasley9@seattletimes.com', 2, 'Meknes', 'Marocaine', 'Juliette', '136-578-2758', 'https://www.kindpng.com/picc/m/22-223941_transparent-avatar-png-male-avatar-icon-transparent-png.png', 'Casley', 6000, 1);
INSERT INTO tab_employees (id, adresse, cin, date_naissance, email, etat_civil, lieu_naissance, nationalite, nom, num_tel, photo, prenom, salaire, fonction_id) VALUES(11, '2720 Moose Circle', '4914796686', '2014-01-13', 'ndupeya@imageshack.us', 1, 'Rabat', 'Autre', 'Nicolas', '213-416-5817', 'https://www.kindpng.com/picc/m/22-223941_transparent-avatar-png-male-avatar-icon-transparent-png.png', 'Dupey', 2500, 3);
INSERT INTO tab_employees (id, adresse, cin, date_naissance, email, etat_civil, lieu_naissance, nationalite, nom, num_tel, photo, prenom, salaire, fonction_id) VALUES(12, '703 Alpine Road', '5062470439', '2000-12-12', 'gakedb@reddit.com', 1, 'Casa', 'Marocaine', 'Gabi', '238-176-7383', 'https://toppng.com/uploads/preview/avatar-png-11554021819gij72acuim.png', 'Aked', 2000, 2);
INSERT INTO tab_employees (id, adresse, cin, date_naissance, email, etat_civil, lieu_naissance, nationalite, nom, num_tel, photo, prenom, salaire, fonction_id) VALUES(13, '65 Marcy Parkway', '0298495805', '2003-09-30', 'fjoretc@clickbank.net', 0, 'Sale', 'Marocaine', 'Frankie', '282-692-0664', 'https://toppng.com/uploads/preview/avatar-png-11554021819gij72acuim.png', 'Joret', 6000, 4);
INSERT INTO tab_employees (id, adresse, cin, date_naissance, email, etat_civil, lieu_naissance, nationalite, nom, num_tel, photo, prenom, salaire, fonction_id) VALUES(14, '15952 Waubesa Street', '2082088421', '2017-09-22', 'dcampioned@hibu.com', 1, 'Sale', 'Autre', 'Duff', '167-925-3391', 'https://toppng.com/uploads/preview/avatar-png-11554021819gij72acuim.png', 'Campione', 2000, 1);
INSERT INTO tab_employees (id, adresse, cin, date_naissance, email, etat_civil, lieu_naissance, nationalite, nom, num_tel, photo, prenom, salaire, fonction_id) VALUES(15, '4 Rigney Place', '4147777163', '2004-11-04', 'yjacombse@wordpress.org', 0, 'Fes', 'Marocaine', 'Yves', '867-210-0351', 'https://www.kindpng.com/picc/m/22-223941_transparent-avatar-png-male-avatar-icon-transparent-png.png', 'Jacombs', 3500, 4);
INSERT INTO tab_employees (id, adresse, cin, date_naissance, email, etat_civil, lieu_naissance, nationalite, nom, num_tel, photo, prenom, salaire, fonction_id) VALUES(16, '3703 Carpenter Road', '4473205029', '2006-07-02', 'rkenwynf@homestead.com', 2, 'Casa', 'Autre', 'Reggi', '276-641-4706', 'https://www.kindpng.com/picc/m/22-223941_transparent-avatar-png-male-avatar-icon-transparent-png.png', 'Kenwyn', 6000, 4);
INSERT INTO tab_employees (id, adresse, cin, date_naissance, email, etat_civil, lieu_naissance, nationalite, nom, num_tel, photo, prenom, salaire, fonction_id) VALUES(17, '99584 Larry Alley', '7370293491', '2020-09-13', 'kmaccallamg@pinterest.com', 1, 'Casa', 'Marocaine', 'Kay', '466-544-6831', 'https://toppng.com/uploads/preview/avatar-png-11554021819gij72acuim.png', 'MacCallam', 3500, 2);
INSERT INTO tab_employees (id, adresse, cin, date_naissance, email, etat_civil, lieu_naissance, nationalite, nom, num_tel, photo, prenom, salaire, fonction_id) VALUES(18, '67 Troy Lane', '7926995770', '2009-04-07', 'bhazeldeneh@opensource.org', 0, 'Casa', 'Autre', 'Bevan', '136-474-0801', 'https://www.kindpng.com/picc/m/22-223941_transparent-avatar-png-male-avatar-icon-transparent-png.png', 'Hazeldene', 2000, 1);
INSERT INTO tab_employees (id, adresse, cin, date_naissance, email, etat_civil, lieu_naissance, nationalite, nom, num_tel, photo, prenom, salaire, fonction_id) VALUES(19, '35912 Graedel Circle', '6975157170', '2010-01-04', 'hkilmurryi@cbc.ca', 2, 'Casa', 'Marocaine', 'Hall', '420-934-8895', 'https://www.kindpng.com/picc/m/22-223941_transparent-avatar-png-male-avatar-icon-transparent-png.png', 'Kilmurry', 2000, 1);
INSERT INTO tab_employees (id, adresse, cin, date_naissance, email, etat_civil, lieu_naissance, nationalite, nom, num_tel, photo, prenom, salaire, fonction_id) VALUES(20, '738 Daystar Court', '8015493277', '2010-04-21', 'hsavinej@ustream.tv', 2, 'Casa', 'Marocaine', 'Harli', '572-156-7623', 'https://toppng.com/uploads/preview/avatar-png-11554021819gij72acuim.png', 'Savine', 5000, 2);
INSERT INTO tab_employees (id, adresse, cin, date_naissance, email, etat_civil, lieu_naissance, nationalite, nom, num_tel, photo, prenom, salaire, fonction_id) VALUES(21, '980 Hermina Park', '3314522681', '2017-01-26', 'prollinsonk@guardian.co.uk', 0, 'Sale', 'Autre', 'Pet', '598-422-3924', 'https://toppng.com/uploads/preview/avatar-png-11554021819gij72acuim.png', 'Rollinson', 2000, 4);
INSERT INTO tab_employees (id, adresse, cin, date_naissance, email, etat_civil, lieu_naissance, nationalite, nom, num_tel, photo, prenom, salaire, fonction_id) VALUES(22, '569 Prairieview Way', '5221214555', '2010-07-02', 'fkarranl@jugem.jp', 0, 'Sale', 'Marocaine', 'Flory', '459-952-5007', 'https://encrypted-tbn0.gstatic.com/images?q=tbn:ANd9GcSa69_HGc_i3MXKCPZzCfAjBZC4bXJsn0rS0Ufe6H-ctZz5FbIVaPkd1jCPTpKwPruIT3Q&usqp=CAU', 'Karran', 3500, 1);
INSERT INTO tab_employees (id, adresse, cin, date_naissance, email, etat_civil, lieu_naissance, nationalite, nom, num_tel, photo, prenom, salaire, fonction_id) VALUES(23, '055 Tomscot Pass', '1927118387', '2003-06-29', 'rdumbellowm@discovery.com', 2, 'Rabat', 'Autre', 'Rhody', '373-786-0908', 'https://encrypted-tbn0.gstatic.com/images?q=tbn:ANd9GcSa69_HGc_i3MXKCPZzCfAjBZC4bXJsn0rS0Ufe6H-ctZz5FbIVaPkd1jCPTpKwPruIT3Q&usqp=CAU', 'Dumbellow', 6000, 1);
INSERT INTO tab_employees (id, adresse, cin, date_naissance, email, etat_civil, lieu_naissance, nationalite, nom, num_tel, photo, prenom, salaire, fonction_id) VALUES(24, '3 Gina Plaza', '7446811560', '2021-11-21', 'rheugeln@miibeian.gov.cn', 1, 'Casa', 'Marocaine', 'Robin', '861-207-9236', 'https://www.kindpng.com/picc/m/22-223941_transparent-avatar-png-male-avatar-icon-transparent-png.png', 'Heugel', 3500, 3);
INSERT INTO tab_employees (id, adresse, cin, date_naissance, email, etat_civil, lieu_naissance, nationalite, nom, num_tel, photo, prenom, salaire, fonction_id) VALUES(25, '67306 Mesta Parkway', '8027718481', '2005-07-26', 'fruperto@thetimes.co.uk', 0, 'Rabat', 'Marocaine', 'Flori', '917-985-7074', 'https://encrypted-tbn0.gstatic.com/images?q=tbn:ANd9GcSa69_HGc_i3MXKCPZzCfAjBZC4bXJsn0rS0Ufe6H-ctZz5FbIVaPkd1jCPTpKwPruIT3Q&usqp=CAU', 'Rupert', 6000, 3);
INSERT INTO tab_employees (id, adresse, cin, date_naissance, email, etat_civil, lieu_naissance, nationalite, nom, num_tel, photo, prenom, salaire, fonction_id) VALUES(26, '1 Judy Place', '9064464391', '2015-08-20', 'bsandellp@sciencedaily.com', 1, 'Tanger', 'Marocaine', 'Brittani', '805-861-7895', 'https://www.kindpng.com/picc/m/22-223941_transparent-avatar-png-male-avatar-icon-transparent-png.png', 'Sandell', 6000, 2);
INSERT INTO tab_employees (id, adresse, cin, date_naissance, email, etat_civil, lieu_naissance, nationalite, nom, num_tel, photo, prenom, salaire, fonction_id) VALUES(27, '32 Debs Alley', '9821870600', '2015-04-04', 'wpoggq@studiopress.com', 0, 'Tanger', 'Autre', 'Wenona', '399-961-7627', 'https://encrypted-tbn0.gstatic.com/images?q=tbn:ANd9GcSa69_HGc_i3MXKCPZzCfAjBZC4bXJsn0rS0Ufe6H-ctZz5FbIVaPkd1jCPTpKwPruIT3Q&usqp=CAU', 'Pogg', 3500, 4);
INSERT INTO tab_employees (id, adresse, cin, date_naissance, email, etat_civil, lieu_naissance, nationalite, nom, num_tel, photo, prenom, salaire, fonction_id) VALUES(28, '753 Marcy Drive', '3810905747', '2019-07-12', 'tconneelyr@discovery.com', 2, 'Meknes', 'Autre', 'Thane', '781-472-7669', 'https://www.kindpng.com/picc/m/22-223941_transparent-avatar-png-male-avatar-icon-transparent-png.png', 'Conneely', 4000, 1);
INSERT INTO tab_employees (id, adresse, cin, date_naissance, email, etat_civil, lieu_naissance, nationalite, nom, num_tel, photo, prenom, salaire, fonction_id) VALUES(29, '33813 Derek Place', '6161631288', '2008-03-19', 'ecrosses@woothemes.com', 2, 'Meknes', 'Marocaine', 'Edithe', '326-200-3701', 'https://toppng.com/uploads/preview/avatar-png-11554021819gij72acuim.png', 'Crosse', 2500, 4);
INSERT INTO tab_employees (id, adresse, cin, date_naissance, email, etat_civil, lieu_naissance, nationalite, nom, num_tel, photo, prenom, salaire, fonction_id) VALUES(30, '9 Oakridge Terrace', '0987126261', '2006-07-29', 'acashmant@gnu.org', 0, 'Tanger', 'Marocaine', 'Avrom', '563-633-6036', 'https://www.kindpng.com/picc/m/22-223941_transparent-avatar-png-male-avatar-icon-transparent-png.png', 'Cashman', 3000, 3);
INSERT INTO tab_employees (id, adresse, cin, date_naissance, email, etat_civil, lieu_naissance, nationalite, nom, num_tel, photo, prenom, salaire, fonction_id) VALUES(31, '4394 Sage Parkway', '2697895213', '2003-07-06', 'lguesteu@tripadvisor.com', 2, 'Fes', 'Marocaine', 'Lisabeth', '884-418-5358', 'https://encrypted-tbn0.gstatic.com/images?q=tbn:ANd9GcSa69_HGc_i3MXKCPZzCfAjBZC4bXJsn0rS0Ufe6H-ctZz5FbIVaPkd1jCPTpKwPruIT3Q&usqp=CAU', 'Gueste', 4000, 3);
INSERT INTO tab_employees (id, adresse, cin, date_naissance, email, etat_civil, lieu_naissance, nationalite, nom, num_tel, photo, prenom, salaire, fonction_id) VALUES(32, '322 Lindbergh Junction', '2792178981', '2012-01-07', 'druppeliv@techcrunch.com', 0, 'Fes', 'Marocaine', 'Dorita', '803-479-2253', 'https://toppng.com/uploads/preview/avatar-png-11554021819gij72acuim.png', 'Ruppeli', 5000, 3);
INSERT INTO tab_employees (id, adresse, cin, date_naissance, email, etat_civil, lieu_naissance, nationalite, nom, num_tel, photo, prenom, salaire, fonction_id) VALUES(33, '1407 7th Way', '2914442106', '2009-07-21', 'rgoltw@addthis.com', 1, 'Casa', 'Autre', 'Rebeka', '736-501-1734', 'https://www.kindpng.com/picc/m/22-223941_transparent-avatar-png-male-avatar-icon-transparent-png.png', 'Golt', 2000, 3);
INSERT INTO tab_employees (id, adresse, cin, date_naissance, email, etat_civil, lieu_naissance, nationalite, nom, num_tel, photo, prenom, salaire, fonction_id) VALUES(34, '1677 Tennessee Place', '1590357736', '2016-03-21', 'edevennyx@gizmodo.com', 0, 'Sale', 'Autre', 'Em', '489-960-4569', 'https://encrypted-tbn0.gstatic.com/images?q=tbn:ANd9GcSa69_HGc_i3MXKCPZzCfAjBZC4bXJsn0rS0Ufe6H-ctZz5FbIVaPkd1jCPTpKwPruIT3Q&usqp=CAU', 'Devenny', 3000, 4);
INSERT INTO tab_employees (id, adresse, cin, date_naissance, email, etat_civil, lieu_naissance, nationalite, nom, num_tel, photo, prenom, salaire, fonction_id) VALUES(35, '75 Vera Circle', '7626141040', '2017-01-18', 'rcaldery@cloudflare.com', 1, 'Tanger', 'Marocaine', 'Reagen', '499-263-4626', 'https://toppng.com/uploads/preview/avatar-png-11554021819gij72acuim.png', 'Calder', 3500, 3);
INSERT INTO tab_employees (id, adresse, cin, date_naissance, email, etat_civil, lieu_naissance, nationalite, nom, num_tel, photo, prenom, salaire, fonction_id) VALUES(36, '25664 Hansons Circle', '5966924015', '2007-02-24', 'hevittsz@xinhuanet.com', 1, 'Tanger', 'Autre', 'Hastings', '516-442-9469', 'https://toppng.com/uploads/preview/avatar-png-11554021819gij72acuim.png', 'Evitts', 5000, 1);
INSERT INTO tab_employees (id, adresse, cin, date_naissance, email, etat_civil, lieu_naissance, nationalite, nom, num_tel, photo, prenom, salaire, fonction_id) VALUES(37, '84 Riverside Lane', '7189157956', '2018-02-07', 'mgulston10@paginegialle.it', 1, 'Rabat', 'Autre', 'Morly', '639-550-3342', 'https://encrypted-tbn0.gstatic.com/images?q=tbn:ANd9GcSa69_HGc_i3MXKCPZzCfAjBZC4bXJsn0rS0Ufe6H-ctZz5FbIVaPkd1jCPTpKwPruIT3Q&usqp=CAU', 'Gulston', 3000, 1);
INSERT INTO tab_employees (id, adresse, cin, date_naissance, email, etat_civil, lieu_naissance, nationalite, nom, num_tel, photo, prenom, salaire, fonction_id) VALUES(38, '81550 Reindahl Avenue', '7544382370', '2015-01-08', 'bblamires11@ed.gov', 0, 'Meknes', 'Autre', 'Bonnibelle', '784-717-5206', 'https://encrypted-tbn0.gstatic.com/images?q=tbn:ANd9GcSa69_HGc_i3MXKCPZzCfAjBZC4bXJsn0rS0Ufe6H-ctZz5FbIVaPkd1jCPTpKwPruIT3Q&usqp=CAU', 'Blamires', 2500, 2);
INSERT INTO tab_employees (id, adresse, cin, date_naissance, email, etat_civil, lieu_naissance, nationalite, nom, num_tel, photo, prenom, salaire, fonction_id) VALUES(39, '78 5th Drive', '1476719594', '2010-09-20', 'rchessman12@comsenz.com', 0, 'Sale', 'Autre', 'Raeann', '916-189-3913', 'https://toppng.com/uploads/preview/avatar-png-11554021819gij72acuim.png', 'Chessman', 3500, 1);
INSERT INTO tab_employees (id, adresse, cin, date_naissance, email, etat_civil, lieu_naissance, nationalite, nom, num_tel, photo, prenom, salaire, fonction_id) VALUES(40, '25468 Mandrake Alley', '5450991185', '2020-09-09', 'mgabrieli13@fastcompany.com', 0, 'Rabat', 'Autre', 'Marla', '466-192-9697', 'https://www.kindpng.com/picc/m/22-223941_transparent-avatar-png-male-avatar-icon-transparent-png.png', 'Gabrieli', 4000, 1);
INSERT INTO tab_employees (id, adresse, cin, date_naissance, email, etat_civil, lieu_naissance, nationalite, nom, num_tel, photo, prenom, salaire, fonction_id) VALUES(41, '00 Sunnyside Trail', '8554411943', '2018-01-26', 'frendle14@google.de', 1, 'Rabat', 'Marocaine', 'Franky', '497-774-0346', 'https://encrypted-tbn0.gstatic.com/images?q=tbn:ANd9GcSa69_HGc_i3MXKCPZzCfAjBZC4bXJsn0rS0Ufe6H-ctZz5FbIVaPkd1jCPTpKwPruIT3Q&usqp=CAU', 'Rendle', 6000, 1);
INSERT INTO tab_employees (id, adresse, cin, date_naissance, email, etat_civil, lieu_naissance, nationalite, nom, num_tel, photo, prenom, salaire, fonction_id) VALUES(42, '59917 Di Loreto Plaza', '2486500103', '2001-11-01', 'bstead15@geocities.jp', 0, 'Casa', 'Autre', 'Barbette', '516-305-5945', 'https://encrypted-tbn0.gstatic.com/images?q=tbn:ANd9GcSa69_HGc_i3MXKCPZzCfAjBZC4bXJsn0rS0Ufe6H-ctZz5FbIVaPkd1jCPTpKwPruIT3Q&usqp=CAU', 'Stead', 5000, 1);
INSERT INTO tab_employees (id, adresse, cin, date_naissance, email, etat_civil, lieu_naissance, nationalite, nom, num_tel, photo, prenom, salaire, fonction_id) VALUES(43, '71561 Manufacturers Parkway', '5076640153', '2001-03-16', 'apenniall16@sohu.com', 0, 'Fes', 'Marocaine', 'Ardeen', '921-967-2612', 'https://toppng.com/uploads/preview/avatar-png-11554021819gij72acuim.png', 'Penniall', 4000, 1);
INSERT INTO tab_employees (id, adresse, cin, date_naissance, email, etat_civil, lieu_naissance, nationalite, nom, num_tel, photo, prenom, salaire, fonction_id) VALUES(44, '77286 Cherokee Terrace', '6046307309', '2002-08-29', 'mbadsey17@senate.gov', 0, 'Sale', 'Autre', 'Marcie', '885-123-6997', 'https://toppng.com/uploads/preview/avatar-png-11554021819gij72acuim.png', 'Badsey', 5000, 4);
INSERT INTO tab_employees (id, adresse, cin, date_naissance, email, etat_civil, lieu_naissance, nationalite, nom, num_tel, photo, prenom, salaire, fonction_id) VALUES(45, '32 Hudson Center', '1142478076', '2004-05-25', 'jbuckberry18@webnode.com', 0, 'Rabat', 'Autre', 'Jackie', '309-853-7638', 'https://toppng.com/uploads/preview/avatar-png-11554021819gij72acuim.png', 'Buckberry', 2500, 4);
INSERT INTO tab_employees (id, adresse, cin, date_naissance, email, etat_civil, lieu_naissance, nationalite, nom, num_tel, photo, prenom, salaire, fonction_id) VALUES(46, '18203 Graceland Parkway', '9095018105', '2000-12-27', 'kthomerson19@unesco.org', 2, 'Casa', 'Marocaine', 'Kalinda', '972-912-7874', 'https://toppng.com/uploads/preview/avatar-png-11554021819gij72acuim.png', 'Thomerson', 3000, 2);
INSERT INTO tab_employees (id, adresse, cin, date_naissance, email, etat_civil, lieu_naissance, nationalite, nom, num_tel, photo, prenom, salaire, fonction_id) VALUES(47, '086 Roxbury Drive', '9542573758', '2008-02-07', 'mkleynermans1a@livejournal.com', 2, 'Rabat', 'Marocaine', 'Myranda', '715-958-5645', 'https://toppng.com/uploads/preview/avatar-png-11554021819gij72acuim.png', 'Kleynermans', 2000, 2);
INSERT INTO tab_employees (id, adresse, cin, date_naissance, email, etat_civil, lieu_naissance, nationalite, nom, num_tel, photo, prenom, salaire, fonction_id) VALUES(48, '895 Stoughton Parkway', '1645538362', '2016-10-07', 'llarcher1b@booking.com', 2, 'Tanger', 'Autre', 'Laurel', '759-580-7418', 'https://www.kindpng.com/picc/m/22-223941_transparent-avatar-png-male-avatar-icon-transparent-png.png', 'Larcher', 2000, 4);
INSERT INTO tab_employees (id, adresse, cin, date_naissance, email, etat_civil, lieu_naissance, nationalite, nom, num_tel, photo, prenom, salaire, fonction_id) VALUES(49, '1979 Hazelcrest Alley', '5877423509', '2020-10-17', 'jgittus1c@vistaprint.com', 1, 'Sale', 'Marocaine', 'Jeannette', '424-925-6801', 'https://toppng.com/uploads/preview/avatar-png-11554021819gij72acuim.png', 'Gittus', 3500, 1);
INSERT INTO tab_employees (id, adresse, cin, date_naissance, email, etat_civil, lieu_naissance, nationalite, nom, num_tel, photo, prenom, salaire, fonction_id) VALUES(50, '40 Dryden Crossing', '7329418595', '2014-07-19', 'pdullard1d@gravatar.com', 0, 'Rabat', 'Marocaine', 'Panchito', '642-638-1955', 'https://www.kindpng.com/picc/m/22-223941_transparent-avatar-png-male-avatar-icon-transparent-png.png', 'Dullard', 5000, 2);
INSERT INTO tab_employees (id, adresse, cin, date_naissance, email, etat_civil, lieu_naissance, nationalite, nom, num_tel, photo, prenom, salaire, fonction_id) VALUES(51, '1 Aberg Place', '9557709308', '2016-12-20', 'fdefty1e@cornell.edu', 2, 'Tanger', 'Autre', 'Fawne', '211-523-7938', 'https://www.kindpng.com/picc/m/22-223941_transparent-avatar-png-male-avatar-icon-transparent-png.png', 'Defty', 2000, 3);
INSERT INTO tab_employees (id, adresse, cin, date_naissance, email, etat_civil, lieu_naissance, nationalite, nom, num_tel, photo, prenom, salaire, fonction_id) VALUES(52, '6 Sundown Parkway', '3446497838', '2015-07-07', 'imullender1f@virginia.edu', 0, 'Tanger', 'Marocaine', 'Irvine', '528-255-4162', 'https://encrypted-tbn0.gstatic.com/images?q=tbn:ANd9GcSa69_HGc_i3MXKCPZzCfAjBZC4bXJsn0rS0Ufe6H-ctZz5FbIVaPkd1jCPTpKwPruIT3Q&usqp=CAU', 'Mullender', 2500, 4);
INSERT INTO tab_employees (id, adresse, cin, date_naissance, email, etat_civil, lieu_naissance, nationalite, nom, num_tel, photo, prenom, salaire, fonction_id) VALUES(53, '74 Cardinal Center', '7435883220', '2018-11-10', 'ymassingberd1g@miitbeian.gov.cn', 2, 'Rabat', 'Marocaine', 'Yance', '904-491-2203', 'https://encrypted-tbn0.gstatic.com/images?q=tbn:ANd9GcSa69_HGc_i3MXKCPZzCfAjBZC4bXJsn0rS0Ufe6H-ctZz5FbIVaPkd1jCPTpKwPruIT3Q&usqp=CAU', 'Massingberd', 3000, 3);
INSERT INTO tab_employees (id, adresse, cin, date_naissance, email, etat_civil, lieu_naissance, nationalite, nom, num_tel, photo, prenom, salaire, fonction_id) VALUES(54, '19286 Nova Crossing', '0677850786', '2000-11-20', 'oedwicke1h@go.com', 2, 'Meknes', 'Marocaine', 'Oren', '697-486-3706', 'https://encrypted-tbn0.gstatic.com/images?q=tbn:ANd9GcSa69_HGc_i3MXKCPZzCfAjBZC4bXJsn0rS0Ufe6H-ctZz5FbIVaPkd1jCPTpKwPruIT3Q&usqp=CAU', 'Edwicke', 3000, 3);
INSERT INTO tab_employees (id, adresse, cin, date_naissance, email, etat_civil, lieu_naissance, nationalite, nom, num_tel, photo, prenom, salaire, fonction_id) VALUES(55, '6675 Annamark Crossing', '3249679283', '2013-03-30', 'hsmaridge1i@google.it', 2, 'Rabat', 'Autre', 'Haley', '527-412-8264', 'https://toppng.com/uploads/preview/avatar-png-11554021819gij72acuim.png', 'Smaridge', 3000, 1);
INSERT INTO tab_employees (id, adresse, cin, date_naissance, email, etat_civil, lieu_naissance, nationalite, nom, num_tel, photo, prenom, salaire, fonction_id) VALUES(56, '724 Toban Junction', '7089662543', '2005-07-05', 'zmussotti1j@sciencedaily.com', 1, 'Fes', 'Autre', 'Zacharie', '945-133-7379', 'https://toppng.com/uploads/preview/avatar-png-11554021819gij72acuim.png', 'Mussotti', 5000, 4);
INSERT INTO tab_employees (id, adresse, cin, date_naissance, email, etat_civil, lieu_naissance, nationalite, nom, num_tel, photo, prenom, salaire, fonction_id) VALUES(57, '2 Everett Center', '6357240001', '2000-12-19', 'tclowney1k@hao123.com', 1, 'Sale', 'Autre', 'Twyla', '107-854-8075', 'https://www.kindpng.com/picc/m/22-223941_transparent-avatar-png-male-avatar-icon-transparent-png.png', 'Clowney', 5000, 3);
INSERT INTO tab_employees (id, adresse, cin, date_naissance, email, etat_civil, lieu_naissance, nationalite, nom, num_tel, photo, prenom, salaire, fonction_id) VALUES(58, '385 Loeprich Way', '1939620600', '2008-04-10', 'rconford1l@booking.com', 1, 'Tanger', 'Marocaine', 'Rosanna', '935-229-3047', 'https://www.kindpng.com/picc/m/22-223941_transparent-avatar-png-male-avatar-icon-transparent-png.png', 'Conford', 2500, 2);
INSERT INTO tab_employees (id, adresse, cin, date_naissance, email, etat_civil, lieu_naissance, nationalite, nom, num_tel, photo, prenom, salaire, fonction_id) VALUES(59, '63 Talisman Circle', '3920829972', '2002-05-17', 'dgrand1m@behance.net', 1, 'Meknes', 'Autre', 'Decca', '419-490-6435', 'https://toppng.com/uploads/preview/avatar-png-11554021819gij72acuim.png', 'Grand', 5000, 1);
INSERT INTO tab_employees (id, adresse, cin, date_naissance, email, etat_civil, lieu_naissance, nationalite, nom, num_tel, photo, prenom, salaire, fonction_id) VALUES(60, '4 Leroy Plaza', '3775176675', '2011-09-29', 'jpedrozzi1n@addthis.com', 1, 'Fes', 'Autre', 'Joshua', '585-274-8240', 'https://www.kindpng.com/picc/m/22-223941_transparent-avatar-png-male-avatar-icon-transparent-png.png', 'Pedrozzi', 4000, 2);
INSERT INTO tab_employees (id, adresse, cin, date_naissance, email, etat_civil, lieu_naissance, nationalite, nom, num_tel, photo, prenom, salaire, fonction_id) VALUES(61, '68 Hanover Terrace', '6393563044', '2010-09-14', 'jvasilyev1o@opensource.org', 1, 'Rabat', 'Autre', 'Jody', '141-320-1202', 'https://encrypted-tbn0.gstatic.com/images?q=tbn:ANd9GcSa69_HGc_i3MXKCPZzCfAjBZC4bXJsn0rS0Ufe6H-ctZz5FbIVaPkd1jCPTpKwPruIT3Q&usqp=CAU', 'Vasilyev', 3000, 2);
INSERT INTO tab_employees (id, adresse, cin, date_naissance, email, etat_civil, lieu_naissance, nationalite, nom, num_tel, photo, prenom, salaire, fonction_id) VALUES(62, '7081 Shelley Plaza', '3260679111', '2020-01-08', 'svakhrushev1p@blogs.com', 2, 'Fes', 'Marocaine', 'Sabine', '796-696-0416', 'https://encrypted-tbn0.gstatic.com/images?q=tbn:ANd9GcSa69_HGc_i3MXKCPZzCfAjBZC4bXJsn0rS0Ufe6H-ctZz5FbIVaPkd1jCPTpKwPruIT3Q&usqp=CAU', 'Vakhrushev', 4000, 2);
INSERT INTO tab_employees (id, adresse, cin, date_naissance, email, etat_civil, lieu_naissance, nationalite, nom, num_tel, photo, prenom, salaire, fonction_id) VALUES(63, '037 Sloan Crossing', '2114482758', '2010-03-06', 'tnannetti1q@va.gov', 1, 'Rabat', 'Autre', 'Tybie', '875-592-7080', 'https://www.kindpng.com/picc/m/22-223941_transparent-avatar-png-male-avatar-icon-transparent-png.png', 'Nannetti', 5000, 2);
INSERT INTO tab_employees (id, adresse, cin, date_naissance, email, etat_civil, lieu_naissance, nationalite, nom, num_tel, photo, prenom, salaire, fonction_id) VALUES(64, '85 Calypso Alley', '2154665888', '2014-09-07', 'elehoux1r@dion.ne.jp', 1, 'Sale', 'Marocaine', 'Edgar', '338-303-6018', 'https://encrypted-tbn0.gstatic.com/images?q=tbn:ANd9GcSa69_HGc_i3MXKCPZzCfAjBZC4bXJsn0rS0Ufe6H-ctZz5FbIVaPkd1jCPTpKwPruIT3Q&usqp=CAU', 'Le Houx', 2500, 3);
INSERT INTO tab_employees (id, adresse, cin, date_naissance, email, etat_civil, lieu_naissance, nationalite, nom, num_tel, photo, prenom, salaire, fonction_id) VALUES(65, '8735 Dawn Road', '3547485843', '2017-10-20', 'mcharsley1s@free.fr', 1, 'Rabat', 'Marocaine', 'Maisey', '474-919-7100', 'https://encrypted-tbn0.gstatic.com/images?q=tbn:ANd9GcSa69_HGc_i3MXKCPZzCfAjBZC4bXJsn0rS0Ufe6H-ctZz5FbIVaPkd1jCPTpKwPruIT3Q&usqp=CAU', 'Charsley', 2000, 4);
INSERT INTO tab_employees (id, adresse, cin, date_naissance, email, etat_civil, lieu_naissance, nationalite, nom, num_tel, photo, prenom, salaire, fonction_id) VALUES(66, '5 Gerald Avenue', '8647227778', '2007-08-20', 'kyeudall1t@europa.eu', 1, 'Fes', 'Autre', 'Krissy', '264-727-7795', 'https://toppng.com/uploads/preview/avatar-png-11554021819gij72acuim.png', 'Yeudall', 6000, 4);
INSERT INTO tab_employees (id, adresse, cin, date_naissance, email, etat_civil, lieu_naissance, nationalite, nom, num_tel, photo, prenom, salaire, fonction_id) VALUES(67, '62847 Knutson Road', '5752514274', '2019-11-06', 'zawde1u@hhs.gov', 1, 'Rabat', 'Autre', 'Zeke', '989-210-9541', 'https://www.kindpng.com/picc/m/22-223941_transparent-avatar-png-male-avatar-icon-transparent-png.png', 'Awde', 6000, 4);
INSERT INTO tab_employees (id, adresse, cin, date_naissance, email, etat_civil, lieu_naissance, nationalite, nom, num_tel, photo, prenom, salaire, fonction_id) VALUES(68, '7577 Mallory Court', '5730476612', '2020-04-25', 'oabramowitz1v@weebly.com', 0, 'Meknes', 'Marocaine', 'Ollie', '270-162-5350', 'https://www.kindpng.com/picc/m/22-223941_transparent-avatar-png-male-avatar-icon-transparent-png.png', 'Abramowitz', 3000, 2);
INSERT INTO tab_employees (id, adresse, cin, date_naissance, email, etat_civil, lieu_naissance, nationalite, nom, num_tel, photo, prenom, salaire, fonction_id) VALUES(69, '1827 Oakridge Street', '3031558731', '2013-05-07', 'fbraun1w@yale.edu', 2, 'Fes', 'Marocaine', 'Felic', '548-252-5416', 'https://www.kindpng.com/picc/m/22-223941_transparent-avatar-png-male-avatar-icon-transparent-png.png', 'Braun', 2000, 4);
INSERT INTO tab_employees (id, adresse, cin, date_naissance, email, etat_civil, lieu_naissance, nationalite, nom, num_tel, photo, prenom, salaire, fonction_id) VALUES(70, '9635 Sundown Terrace', '9488898089', '2018-12-07', 'nheartfield1x@icio.us', 0, 'Fes', 'Marocaine', 'Nikos', '801-601-4677', 'https://toppng.com/uploads/preview/avatar-png-11554021819gij72acuim.png', 'Heartfield', 6000, 2);

INSERT INTO tab_absences (id, date_debut, date_fin, is_justifie, justification, type_absence, employee_id) VALUES(1, '2022-06-01', '2022-08-02', true, 'Congé', 0, 10);
INSERT INTO tab_absences (id, date_debut, date_fin, is_justifie, justification, type_absence, employee_id) VALUES(2, '2022-06-30', '2022-08-08', true, 'Retard', 3, 3);
INSERT INTO tab_absences (id, date_debut, date_fin, is_justifie, justification, type_absence, employee_id) VALUES(3, '2022-05-06', '2022-07-26', true, 'Congé', 1, 22);
INSERT INTO tab_absences (id, date_debut, date_fin, is_justifie, justification, type_absence, employee_id) VALUES(4, '2022-06-23', '2022-07-03', false, 'Certificat', 0, 12);
INSERT INTO tab_absences (id, date_debut, date_fin, is_justifie, justification, type_absence, employee_id) VALUES(5, '2022-05-17', '2022-07-23', true, 'Certificat', 1, 6);
INSERT INTO tab_absences (id, date_debut, date_fin, is_justifie, justification, type_absence, employee_id) VALUES(6, '2022-05-06', '2022-07-17', false, 'Retard', 2, 14);
INSERT INTO tab_absences (id, date_debut, date_fin, is_justifie, justification, type_absence, employee_id) VALUES(7, '2022-06-07', '2022-07-09', true, 'Retard', 0, 6);
INSERT INTO tab_absences (id, date_debut, date_fin, is_justifie, justification, type_absence, employee_id) VALUES(8, '2022-06-26', '2022-08-07', true, 'Congé', 1, 6);
INSERT INTO tab_absences (id, date_debut, date_fin, is_justifie, justification, type_absence, employee_id) VALUES(9, '2022-05-26', '2022-07-17', false, 'Retard', 1, 5);
INSERT INTO tab_absences (id, date_debut, date_fin, is_justifie, justification, type_absence, employee_id) VALUES(10, '2022-05-21', '2022-08-13', false, 'Retard', 2, 20);
INSERT INTO tab_absences (id, date_debut, date_fin, is_justifie, justification, type_absence, employee_id) VALUES(11, '2022-06-26', '2022-08-07', false, 'Certificat', 0, 3);
INSERT INTO tab_absences (id, date_debut, date_fin, is_justifie, justification, type_absence, employee_id) VALUES(12, '2022-06-27', '2022-08-16', true, 'Certificat', 0, 55);
INSERT INTO tab_absences (id, date_debut, date_fin, is_justifie, justification, type_absence, employee_id) VALUES(13, '2022-05-31', '2022-07-04', true, 'Retard', 0, 50);
INSERT INTO tab_absences (id, date_debut, date_fin, is_justifie, justification, type_absence, employee_id) VALUES(14, '2022-06-13', '2022-07-07', true, 'Retard', 3, 10);
INSERT INTO tab_absences (id, date_debut, date_fin, is_justifie, justification, type_absence, employee_id) VALUES(15, '2022-06-27', '2022-07-17', false, 'Certificat', 3, 55);
INSERT INTO tab_absences (id, date_debut, date_fin, is_justifie, justification, type_absence, employee_id) VALUES(16, '2022-06-15', '2022-07-21', true, 'Congé', 3, 11);
INSERT INTO tab_absences (id, date_debut, date_fin, is_justifie, justification, type_absence, employee_id) VALUES(17, '2022-05-16', '2022-07-20', false, 'Congé', 0, 15);
INSERT INTO tab_absences (id, date_debut, date_fin, is_justifie, justification, type_absence, employee_id) VALUES(18, '2022-05-11', '2022-07-31', true, 'Certificat', 0, 55);
INSERT INTO tab_absences (id, date_debut, date_fin, is_justifie, justification, type_absence, employee_id) VALUES(19, '2022-06-22', '2022-07-29', false, 'Retard', 2, 9);
INSERT INTO tab_absences (id, date_debut, date_fin, is_justifie, justification, type_absence, employee_id) VALUES(20, '2022-05-30', '2022-08-08', false, 'Congé', 2, 9);
INSERT INTO tab_absences (id, date_debut, date_fin, is_justifie, justification, type_absence, employee_id) VALUES(21, '2022-05-23', '2022-07-31', true, 'Congé', 2, 1);
INSERT INTO tab_absences (id, date_debut, date_fin, is_justifie, justification, type_absence, employee_id) VALUES(22, '2022-05-05', '2022-07-21', false, 'Retard', 3, 1);
INSERT INTO tab_absences (id, date_debut, date_fin, is_justifie, justification, type_absence, employee_id) VALUES(23, '2022-05-04', '2022-08-10', false, 'Retard', 3, 11);
INSERT INTO tab_absences (id, date_debut, date_fin, is_justifie, justification, type_absence, employee_id) VALUES(24, '2022-06-27', '2022-07-10', false, 'Certificat', 3, 4);
INSERT INTO tab_absences (id, date_debut, date_fin, is_justifie, justification, type_absence, employee_id) VALUES(25, '2022-06-12', '2022-07-27', false, 'Congé', 0, 12);
INSERT INTO tab_absences (id, date_debut, date_fin, is_justifie, justification, type_absence, employee_id) VALUES(26, '2022-06-15', '2022-07-10', false, 'Certificat', 1, 1);
INSERT INTO tab_absences (id, date_debut, date_fin, is_justifie, justification, type_absence, employee_id) VALUES(27, '2022-06-06', '2022-08-06', false, 'Congé', 1, 15);
INSERT INTO tab_absences (id, date_debut, date_fin, is_justifie, justification, type_absence, employee_id) VALUES(28, '2022-06-21', '2022-07-24', true, 'Congé', 1, 11);
INSERT INTO tab_absences (id, date_debut, date_fin, is_justifie, justification, type_absence, employee_id) VALUES(29, '2022-06-01', '2022-07-20', true, 'Retard', 1, 12);
INSERT INTO tab_absences (id, date_debut, date_fin, is_justifie, justification, type_absence, employee_id) VALUES(30, '2022-06-19', '2022-07-16', false, 'Retard', 3, 20);

INSERT INTO tab_payments (id, date_payment, salaire, employee_id) VALUES(1, '2022-05-06', 8000, 1);
INSERT INTO tab_payments (id, date_payment, salaire, employee_id) VALUES(2, '2022-05-06', 4000, 20);
INSERT INTO tab_payments (id, date_payment, salaire, employee_id) VALUES(3, '2022-05-06', 6000, 3);
INSERT INTO tab_payments (id, date_payment, salaire, employee_id) VALUES(4, '2022-05-06', 4500, 1);
INSERT INTO tab_payments (id, date_payment, salaire, employee_id) VALUES(5, '2022-05-06', 4000, 12);
INSERT INTO tab_payments (id, date_payment, salaire, employee_id) VALUES(6, '2022-06-28', 1500, 20);
INSERT INTO tab_payments (id, date_payment, salaire, employee_id) VALUES(7, '2022-06-17', 3000, 15);
INSERT INTO tab_payments (id, date_payment, salaire, employee_id) VALUES(8, '2022-05-28', 7500, 14);
INSERT INTO tab_payments (id, date_payment, salaire, employee_id) VALUES(9, '2022-06-12', 2000, 15);
INSERT INTO tab_payments (id, date_payment, salaire, employee_id) VALUES(10, '2022-06-16', 3500, 9);
INSERT INTO tab_payments (id, date_payment, salaire, employee_id) VALUES(11, '2022-05-25', 3000, 3);
INSERT INTO tab_payments (id, date_payment, salaire, employee_id) VALUES(12, '2022-06-07', 1500, 12);
INSERT INTO tab_payments (id, date_payment, salaire, employee_id) VALUES(13, '2022-05-21', 1500, 14);
INSERT INTO tab_payments (id, date_payment, salaire, employee_id) VALUES(14, '2022-05-18', 3000, 6);
INSERT INTO tab_payments (id, date_payment, salaire, employee_id) VALUES(15, '2022-06-25', 7500, 14);
INSERT INTO tab_payments (id, date_payment, salaire, employee_id) VALUES(16, '2022-05-05', 1500, 6);
INSERT INTO tab_payments (id, date_payment, salaire, employee_id) VALUES(17, '2022-06-30', 2000, 55);
INSERT INTO tab_payments (id, date_payment, salaire, employee_id) VALUES(18, '2022-06-21', 1500, 3);
INSERT INTO tab_payments (id, date_payment, salaire, employee_id) VALUES(19, '2022-06-26', 8500, 40);
INSERT INTO tab_payments (id, date_payment, salaire, employee_id) VALUES(20, '2022-05-31', 5000, 2);
INSERT INTO tab_payments (id, date_payment, salaire, employee_id) VALUES(21, '2022-06-14', 3000, 14);
INSERT INTO tab_payments (id, date_payment, salaire, employee_id) VALUES(22, '2022-05-16', 4000, 30);
INSERT INTO tab_payments (id, date_payment, salaire, employee_id) VALUES(23, '2022-06-04', 7500, 5);
INSERT INTO tab_payments (id, date_payment, salaire, employee_id) VALUES(24, '2022-05-02', 3500, 8);
INSERT INTO tab_payments (id, date_payment, salaire, employee_id) VALUES(25, '2022-05-20', 7500, 20);
INSERT INTO tab_payments (id, date_payment, salaire, employee_id) VALUES(26, '2022-06-19', 8500, 2);
INSERT INTO tab_payments (id, date_payment, salaire, employee_id) VALUES(27, '2022-05-21', 8500, 12);
INSERT INTO tab_payments (id, date_payment, salaire, employee_id) VALUES(28, '2022-06-09', 8500, 6);
INSERT INTO tab_payments (id, date_payment, salaire, employee_id) VALUES(29, '2022-06-23', 5000, 14);
INSERT INTO tab_payments (id, date_payment, salaire, employee_id) VALUES(30, '2022-05-14', 8500, 22);
INSERT INTO tab_payments (id, date_payment, salaire, employee_id) VALUES(31, '2022-06-28', 1500, 3);
INSERT INTO tab_payments (id, date_payment, salaire, employee_id) VALUES(32, '2022-06-29', 8500, 20);
INSERT INTO tab_payments (id, date_payment, salaire, employee_id) VALUES(33, '2022-05-13', 3000, 8);
INSERT INTO tab_payments (id, date_payment, salaire, employee_id) VALUES(34, '2022-05-27', 3000, 16);

INSERT INTO tab_users (id, active, address, email, name, password, phone, role) VALUES(1, true, '124 rue des binelles', 'najib@gmail.com', 'NAJIB', '$2a$10$VwBKHLBEVEsPAwP6rcrMruGe/t0JCbUutDmtUynT8aGK5uEkuCPuS', '067845545', 'ROLE_ADMIN');

